CVE_ID,Description,Affected_Systems,Score_and_Severity,Mitigation_Strategies,Source_URL,Related_Keywords,Included_Excluded,Rationale,Vulnerability_Lifecycle_Stage
,,,,,,,,,
,,,,,,,,,
: CVE-2009-4609,: CVE-2009-4609 is an untrusted search path vulnerability in Citrix XenApp and XenDesktop 5 on Windows 2008 when environment variables are used. This vulnerability could allow local users to gain privileges by utilizing a Trojan horse DLL in an unspecified directory.,: Citrix XenApp and XenDesktop 5 on Windows 2008.,": The CVE has generally been assigned a medium severity score, though specific base scores by CVSS are not detailed in the original sources. It is considered medium severity due to the requirement of local access for exploitation.",": To mitigate this vulnerability, ensure that environment variables do not reference directories containing untrusted executables. It is also advisable to apply patches issued by Citrix or upgrade to a version where this vulnerability is resolved.",: [NVD Entry on CVE-2009-4609](https://nvd.nist.gov/vuln/detail/CVE-2009-4609),": Untrusted search path, DLL hijacking, Citrix, privilege escalation, environment variables",: Included,": This CVE is included because it highlights a typical vulnerability associated with misconfiguration and insecure use of search paths, which remains relevant for understanding privilege escalation risks in software design.",": This vulnerability was disclosed and patches have been provided thereafter. As of now, it is in the post-disclosure stage where users need to apply the provided mitigations."
: CVE-2009-4912,": This CVE refers to a vulnerability in Libtiff, a widely used library for reading and writing Tagged Image File Format (TIFF) files. The vulnerability occurs due to improper handling of certain malformed TIFF images, which could lead to a denial of service or potentially execute arbitrary code if a victim opens or processes a crafted TIFF file.",": Systems using vulnerable versions of Libtiff prior to the release that patched this vulnerability. This could include various Linux distributions, applications that rely on Libtiff for image processing, and potentially other systems where the library has been independently installed.",": The CVSS score for this vulnerability can vary based on its impact on specific systems, but typically such vulnerabilities are assigned a score around 7.5, indicating a high severity, due to the possibility of arbitrary code execution.",: Users and administrators should upgrade to the latest version of Libtiff that includes a patch for this vulnerability. It is also advisable to restrict the processing of TIFF files from untrusted sources and to employ additional security measures such as running applications with the least privilege necessary.,": For further details, you can view the information available at the National Vulnerability Database at https://nvd.nist.gov/vuln/detail/CVE-2009-4912 or the relevant advisory from Libtiff's project repository.",": Libtiff, TIFF, denial of service, arbitrary code execution, vulnerability, image processing",: Included,": This inclusion is pertinent due to the wide use of Libtiff in various applications and the potential severe impact of the vulnerability, which necessitates awareness and action by users to secure their systems.",": The vulnerability has reached the ""Patch Available"" stage, as patches and updates have been released to address the issue. Users should ensure they have upgraded to these patched versions."
: CVE-2010-0140,": CVE-2010-0140 is a vulnerability involving a fragment reassembly issue in the MPLS (Multiprotocol Label Switching) implementation in certain versions of Cisco IOS. The vulnerability allows remote attackers to cause a denial of service (DoS) via MPLS packets that require reassembly, leading to a device reload.",: The vulnerability affects certain versions of Cisco IOS software that support MPLS features. Users should consult Cisco's advisories to confirm the specific versions affected.,": This CVE was given a CVSS score of 7.8, which is considered High severity. The score reflects its potential to allow remote attackers to disrupt service availability.",": To mitigate this vulnerability, affected users should upgrade to a version of Cisco IOS software that includes a fix for CVE-2010-0140. Additionally, implementing access control lists to filter out unauthorized MPLS traffic and limiting MPLS usage to trusted networks can help reduce the risk of exploitation.",: Further details for CVE-2010-0140 can be found on the Cisco Security Advisory page: https://tools.cisco.com/security/center/content/CiscoSecurityAdvisory/cisco-sa-20100120-mpls,": MPLS, Cisco IOS, Denial of Service, Fragment Reassembly, Network Security",: Included,": This CVE has a high severity score and affects core network infrastructure, making it relevant for network security professionals who need to protect against DoS attacks on MPLS-capable devices. It impacts many enterprise environments that deploy Cisco equipment.",": The vulnerability is in the ""Remediation Available"" stage, as patches have been released by Cisco to address this issue."
: CVE-2010-0448,": CVE-2010-0448 pertains to a vulnerability in Sun Java System Directory Proxy Server 6.2, which is part of the Sun Java System Directory Server Enterprise Edition. The vulnerability involves an improper delay of all network I/O functions when the server receives malformed BIND requests over LDAP. Attackers can exploit this issue to cause a denial of service (DoS) by sending multiple malformed BIND requests, overwhelming the server resources and rendering the service unavailable to legitimate users.",: This vulnerability affects Sun Java System Directory Proxy Server 6.2 and potentially other products within the Directory Server Enterprise Edition line that use similar components.,": This vulnerability has a CVSS v2 base score of 5.0, which is considered Medium severity. The impact is based on availability, as the vulnerability leads to a denial of service.",": Organizations should apply patches and updates provided by the vendor, Oracle (which acquired Sun Microsystems). Administrators should also deploy network-level filtering to block malformed BIND requests that match the patterns known to exploit this vulnerability and monitor server logs for unusual activity patterns.",: https://nvd.nist.gov/vuln/detail/CVE-2010-0448,": Denial of Service, DoS, LDAP, Sun Java System Directory, malformed requests, network I/O, Oracle, patching.",: Included,": This vulnerability is included because it represents a non-trivial risk to organizations that rely on Sun Java System Directory Server products, especially those operating in environments susceptible to denial of service attacks. Addressing this vulnerability is crucial due to its potential impact on service availability.",": This vulnerability is in the Remediation phase as security patches are available from Oracle, and organizations should take action to apply these patches to their systems."
,,,,,,,,,
: CVE-2010-1433,": CVE-2010-1433 pertains to a cross-site scripting (XSS) vulnerability found in Moodle before version 1.9.9. The issue existed in the 'notices' component which improperly handled certain inputs, allowing remote attackers to inject arbitrary web script or HTML via unspecified vectors.",: This vulnerability affects Moodle installations prior to version 1.9.9.,": The CVSS score is 4.3, which places it at a Medium severity level. It indicates the potential for exploitation and moderate impact on the confidentiality and integrity of the affected system.",": The primary mitigation strategy is to upgrade Moodle to version 1.9.9 or later, as the vulnerability has been resolved in these versions. Additionally, ensure that Moodle instances are kept up-to-date with the latest security patches to prevent similar vulnerabilities.",: More information can be found at the official NVD page for CVE-2010-1433: https://nvd.nist.gov/vuln/detail/CVE-2010-1433,": Moodle, XSS, cross-site scripting, web security, version 1.9.9, HTML injection.",: Included.,": This CVE is included due to its relevance to web application security, the moderate risk it poses, and because it highlights an important vulnerability in a widely used learning management system, Moodle.",": This vulnerability is in the ""Resolved"" stage since a fix has been released in later versions of the software."
: CVE-2010-1438,": CVE-2010-1438 is a security vulnerability found in MIT Kerberos that is related to the ASN.1 decoder used in the Kerberos administration daemon (kadmind). The issue arises when the decoder does not properly handle zero-length fields, which can potentially lead to denial of service conditions or possibly arbitrary code execution.",: The vulnerability affects versions of MIT Kerberos utilizing the affected ASN.1 decoder implementation. Systems with kadmind providing administrative services for Kerberos are particularly at risk.,": CVE-2010-1438 has a CVSS score of 7.5, indicating a high severity level. The vector reflects the potential for network exploitation and significant impact on confidentiality, integrity, and availability.",": To mitigate this vulnerability, administrators should update their Kerberos implementations to the latest versions where the vulnerability is patched. It is also advisable to restrict access to critical services such as kadmind using network firewalls as an additional precaution.",: More details about this CVE can be found at the MIT Kerberos Security Advisories or through the National Vulnerability Database at: https://nvd.nist.gov/vuln/detail/CVE-2010-1438,": MIT Kerberos, kadmind, vulnerability, ASN.1, denial of service, arbitrary code execution, security update.",: Included,": This CVE is included as it represents a significant vulnerability in a widely used authentication system, with a high severity score and potential for serious exploitation through denial of service or arbitrary code execution.",": This vulnerability is in the ""remediation"" stage, as patches have been released to address the issue, and users are encouraged to apply these updates to mitigate the risk."
: CVE-2010-1637,": CVE-2010-1637 is a directory traversal vulnerability in Samba versions 3.3.11 and earlier, and 3.5.1 and earlier. It allows remote attackers to overwrite arbitrary files via symlink attacks related to temporary files, which Samba doesn't safely handle under certain conditions when processing certain SMB1 requests.",": Systems running affected versions of Samba, especially those handling Samba file shares and interacting with SMB1 protocol.",: CVSS Base Score: 6.8 (Medium) - This score reflects the potential impact of remote exploitation and the ability of an attacker to modify or add files to a Samba share.,": Users should upgrade to a patched version of Samba. Organizations should also consider disabling SMB1 protocol if not needed and applying other security best practices, like setting appropriate file permissions and restrictions on shares.",: [NVD CVE-2010-1637](https://web.nvd.nist.gov/view/vuln/detail?vulnId=CVE-2010-1637),": Samba, directory traversal, symlink attack, SMB1, file overwrite",: Included,": This CVE is included because it addresses a security flaw that can be exploited remotely, has a moderate CVSS score, and affects widely used software in network file sharing.",": Expired/Obsolete - This CVE has been identified, patched, and is no longer applicable to currently supported versions of Samba if updated appropriately."
,,,,,,,,,
: CVE-2010-1860,": CVE-2010-1860 involves a vulnerability in CLAM AntiVirus (ClamAV) version 0.96 and other versions before 0.96.1, in which the file parser does not properly handle base64-encoded sections. This vulnerability allows remote attackers to execute arbitrary code via a crafted file that triggers a parsing error at a certain offset.",: The vulnerability affects systems running CLAM AntiVirus (ClamAV) versions prior to 0.96.1.,": The Common Vulnerability Scoring System (CVSS) for CVE-2010-1860 indicates a score of 6.8, which classifies it as Medium severity. The exact impact parameters (such as Confidentiality, Integrity, and Availability impacts) would influence this score.",": The primary mitigation strategy for CVE-2010-1860 is to upgrade CLAM AntiVirus to version 0.96.1 or later, where the issue is fixed. Regularly updating antivirus software and applying recommended patches or updates is critical to maintaining security.",: More information on CVE-2010-1860 can be sourced from the National Vulnerability Database at https://nvd.nist.gov/vuln/detail/CVE-2010-1860,": CLAM AntiVirus, ClamAV, base64-encoded section, arbitrary code execution, remote attack, software vulnerability.",: Included,": CVE-2010-1860 is included because it represents a significant security vulnerability in a widely used antivirus software solution, where exploitation could lead to remote code execution, posing a considerable risk to affected systems.",": The vulnerability is in the ""Resolved"" stage, as it has been addressed in later releases of CLAM AntiVirus (ClamAV) starting with version 0.96.1."
: CVE-2010-1861,": CVE-2010-1861 is a vulnerability that affects Opera before version 10.54. It allows remote attackers to execute arbitrary code or cause a denial of service (memory corruption) via a series of HTML content manipulations. This vulnerability arises from improper handling of certain HTML content, which can be exploited to corrupt memory and execute arbitrary code on the affected system.",: Opera browser versions before 10.54 on various operating systems are affected by this vulnerability.,": CVSS 2.0 score details are not explicitly provided; however, considering the potential for arbitrary code execution, this would likely be rated as high severity.",: Users should upgrade to Opera version 10.54 or later to mitigate this vulnerability. It is always recommended to keep software up to date to protect against known vulnerabilities.,:,": Opera, HTML manipulation, arbitrary code execution, memory corruption, remote code execution.",: Included,": This information is relevant and useful to users or administrators responsible for maintaining the security of systems running the Opera browser. The provided data includes the affected systems, severity, mitigation strategies, and further resources.",": The vulnerability is at the patch stage, as a fix has been provided in later versions of the Opera browser (version 10.54 and later)."
: CVE-2010-1862,": CVE-2010-1862 refers to a security vulnerability in GnuTLS, a secure communications library implementing the SSL, TLS, and DTLS protocols. The flaw allows remote attackers to cause a denial of service (application crash) and possibly execute arbitrary code via a malformed record, related to the handling of SSL 3.0 records.",": This vulnerability affects systems using affected versions of GnuTLS, such as GnuTLS 2.8.x series prior to 2.8.6. Many different software applications and systems that rely on GnuTLS for secure communications may be indirectly affected.",": The CVE-2010-1862 has been rated with a CVSS score of 7.5, which is considered high severity due to the potential for arbitrary code execution.",": The primary mitigation strategy is to update GnuTLS to a version that has patched this vulnerability, namely updating to version 2.8.6 or later. Additionally, users should ensure their systems are properly configured to minimize remote access and potential exploitation vectors until such updates can be applied.",: More information can be found at the official National Vulnerability Database (NVD) or through the GnuTLS announcement pages. Here is the URL from NVD: https://nvd.nist.gov/vuln/detail/CVE-2010-1862,": GnuTLS, SSL, TLS, denial of service, arbitrary code execution, malformed record, vulnerability, security patch.",: Included,": This CVE is included because it represents a significant vulnerability affecting a widely used security library, with potential implications for a large number of systems. The severity rating is high, and it involves both denial of service and potential for arbitrary code execution, making it critical for administrators to address.",": As of the last update, this vulnerability is in the ""Patched"" stage, as updates and patches have been issued to mitigate the risk associated with this flaw."
,,,,,,,,,
: CVE-2006-4243,": CVE-2006-4243 is a vulnerability in the web interface in Linksys WRT54G and WRT54GS routers with firmware 4.20.7 and possibly earlier versions. The issue results from the improper handling of user input in the password field, where it does not properly check the length of input data. This vulnerability allows remote attackers to cause a denial of service (router reboot) via a long password parameter value that leads to a stack-based buffer overflow.",: Linksys WRT54G and WRT54GS routers with firmware version 4.20.7 and potentially earlier versions.,": The Common Vulnerability Scoring System (CVSS) score for this vulnerability has not been publicly assigned. However, it is generally considered a medium severity issue due to its potential to cause a denial of service.",": Users should upgrade to a firmware version where the issue is resolved, if a patch is available. Additionally, users should restrict access to the router's web interface from untrusted networks to minimize the risk of exploitation.",: [NVD.NIST.gov](https://nvd.nist.gov/vuln/detail/CVE-2006-4243),": Linksys, WRT54G, WRT54GS, denial of service, buffer overflow, router vulnerability, password handling",: Included,": This CVE is included because it affects a common network device that might still be in use in some environments. Understanding the vulnerability, its impact, and mitigation strategies help in securing networks against potential attacks that exploit this flaw.",": The vulnerability is in the ""Stable"" stage, as it was discovered in a released and widely deployed product without a patch initially available."
,,,,,,,,,
,,,,,,,,,
,,,,,,,,,
,,,,,,,,,
,,,,,,,,,
