CVE ID,Description
CVE-2022-21584,"Vulnerability in the Oracle Banking Trade Finance product of Oracle Financial Services Applications (component: Infrastructure). The supported version that is affected is 14.5. Difficult to exploit vulnerability allows low privileged attacker with network access via HTTP to compromise Oracle Banking Trade Finance. Successful attacks require human interaction from a person other than the attacker. Successful attacks of this vulnerability can result in unauthorized creation, deletion or modification access to critical data or all Oracle Banking Trade Finance accessible data as well as unauthorized access to critical data or complete access to all Oracle Banking Trade Finance accessible data. CVSS 3.1 Base Score 6.4 (Confidentiality and Integrity impacts). CVSS Vector: (CVSS:3.1/AV:N/AC:H/PR:L/UI:R/S:U/C:H/I:H/A:N)."
CVE-2022-21585,"Vulnerability in the Oracle Banking Trade Finance product of Oracle Financial Services Applications (component: Infrastructure). The supported version that is affected is 14.5. Difficult to exploit vulnerability allows low privileged attacker with network access via HTTP to compromise Oracle Banking Trade Finance. Successful attacks require human interaction from a person other than the attacker. Successful attacks of this vulnerability can result in unauthorized creation, deletion or modification access to critical data or all Oracle Banking Trade Finance accessible data as well as unauthorized access to critical data or complete access to all Oracle Banking Trade Finance accessible data and unauthorized ability to cause a partial denial of service (partial DOS) of Oracle Banking Trade Finance. CVSS 3.1 Base Score 6.7 (Confidentiality, Integrity and Availability impacts). CVSS Vector: (CVSS:3.1/AV:N/AC:H/PR:L/UI:R/S:U/C:H/I:H/A:L)."
CVE-2022-21577,"Vulnerability in the Oracle FLEXCUBE Universal Banking product of Oracle Financial Services Applications (component: Infrastructure). Supported versions that are affected are 12.1-12.4, 14.0-14.3 and 14.5. Difficult to exploit vulnerability allows low privileged attacker with network access via HTTP to compromise Oracle FLEXCUBE Universal Banking. Successful attacks require human interaction from a person other than the attacker. Successful attacks of this vulnerability can result in unauthorized creation, deletion or modification access to critical data or all Oracle FLEXCUBE Universal Banking accessible data as well as unauthorized access to critical data or complete access to all Oracle FLEXCUBE Universal Banking accessible data. CVSS 3.1 Base Score 6.4 (Confidentiality and Integrity impacts). CVSS Vector: (CVSS:3.1/AV:N/AC:H/PR:L/UI:R/S:U/C:H/I:H/A:N)."
CVE-2022-21582,"Vulnerability in the Oracle Banking Trade Finance product of Oracle Financial Services Applications (component: Infrastructure). The supported version that is affected is 14.5. Difficult to exploit vulnerability allows low privileged attacker with network access via HTTP to compromise Oracle Banking Trade Finance. Successful attacks require human interaction from a person other than the attacker. Successful attacks of this vulnerability can result in unauthorized creation, deletion or modification access to critical data or all Oracle Banking Trade Finance accessible data as well as unauthorized access to critical data or complete access to all Oracle Banking Trade Finance accessible data and unauthorized ability to cause a partial denial of service (partial DOS) of Oracle Banking Trade Finance. CVSS 3.1 Base Score 6.7 (Confidentiality, Integrity and Availability impacts). CVSS Vector: (CVSS:3.1/AV:N/AC:H/PR:L/UI:R/S:U/C:H/I:H/A:L)."
CVE-2022-21428,"Vulnerability in the Oracle FLEXCUBE Universal Banking product of Oracle Financial Services Applications (component: Infrastructure). Supported versions that are affected are 12.1-12.4, 14.0-14.3 and 14.5. Difficult to exploit vulnerability allows low privileged attacker with network access via HTTP to compromise Oracle FLEXCUBE Universal Banking. Successful attacks require human interaction from a person other than the attacker. Successful attacks of this vulnerability can result in unauthorized creation, deletion or modification access to critical data or all Oracle FLEXCUBE Universal Banking accessible data as well as unauthorized access to critical data or complete access to all Oracle FLEXCUBE Universal Banking accessible data and unauthorized ability to cause a partial denial of service (partial DOS) of Oracle FLEXCUBE Universal Banking. CVSS 3.1 Base Score 6.7 (Confidentiality, Integrity and Availability impacts). CVSS Vector: (CVSS:3.1/AV:N/AC:H/PR:L/UI:R/S:U/C:H/I:H/A:L)."
CVE-2022-21583,"Vulnerability in the Oracle Banking Trade Finance product of Oracle Financial Services Applications (component: Infrastructure). The supported version that is affected is 14.5. Difficult to exploit vulnerability allows low privileged attacker with network access via HTTP to compromise Oracle Banking Trade Finance. Successful attacks of this vulnerability can result in unauthorized access to critical data or complete access to all Oracle Banking Trade Finance accessible data as well as unauthorized update, insert or delete access to some of Oracle Banking Trade Finance accessible data and unauthorized ability to cause a partial denial of service (partial DOS) of Oracle Banking Trade Finance. CVSS 3.1 Base Score 6.4 (Confidentiality, Integrity and Availability impacts). CVSS Vector: (CVSS:3.1/AV:N/AC:H/PR:L/UI:N/S:U/C:H/I:L/A:L)."
CVE-2022-21576,"Vulnerability in the Oracle FLEXCUBE Universal Banking product of Oracle Financial Services Applications (component: Infrastructure). Supported versions that are affected are 12.3, 12.4, 14.0-14.3 and 14.5. Difficult to exploit vulnerability allows low privileged attacker with network access via HTTP to compromise Oracle FLEXCUBE Universal Banking. Successful attacks of this vulnerability can result in unauthorized access to critical data or complete access to all Oracle FLEXCUBE Universal Banking accessible data as well as unauthorized update, insert or delete access to some of Oracle FLEXCUBE Universal Banking accessible data and unauthorized ability to cause a partial denial of service (partial DOS) of Oracle FLEXCUBE Universal Banking. CVSS 3.1 Base Score 6.4 (Confidentiality, Integrity and Availability impacts). CVSS Vector: (CVSS:3.1/AV:N/AC:H/PR:L/UI:N/S:U/C:H/I:L/A:L)."
CVE-2022-21579,"Vulnerability in the Oracle FLEXCUBE Universal Banking product of Oracle Financial Services Applications (component: Infrastructure). Supported versions that are affected are 12.1-12.4, 14.0-14.3 and 14.5. Difficult to exploit vulnerability allows low privileged attacker with network access via HTTP to compromise Oracle FLEXCUBE Universal Banking. Successful attacks require human interaction from a person other than the attacker. Successful attacks of this vulnerability can result in unauthorized creation, deletion or modification access to critical data or all Oracle FLEXCUBE Universal Banking accessible data as well as unauthorized access to critical data or complete access to all Oracle FLEXCUBE Universal Banking accessible data. CVSS 3.1 Base Score 6.4 (Confidentiality and Integrity impacts). CVSS Vector: (CVSS:3.1/AV:N/AC:H/PR:L/UI:R/S:U/C:H/I:H/A:N)."
CVE-2022-21578,"Vulnerability in the Oracle FLEXCUBE Universal Banking product of Oracle Financial Services Applications (component: Infrastructure). Supported versions that are affected are 12.1-12.4, 14.0-14.3 and 14.5. Difficult to exploit vulnerability allows low privileged attacker with network access via HTTP to compromise Oracle FLEXCUBE Universal Banking. Successful attacks require human interaction from a person other than the attacker. Successful attacks of this vulnerability can result in unauthorized creation, deletion or modification access to critical data or all Oracle FLEXCUBE Universal Banking accessible data as well as unauthorized access to critical data or complete access to all Oracle FLEXCUBE Universal Banking accessible data and unauthorized ability to cause a partial denial of service (partial DOS) of Oracle FLEXCUBE Universal Banking. CVSS 3.1 Base Score 6.7 (Confidentiality, Integrity and Availability impacts). CVSS Vector: (CVSS:3.1/AV:N/AC:H/PR:L/UI:R/S:U/C:H/I:H/A:L)."
CVE-2022-21586,"Vulnerability in the Oracle Banking Trade Finance product of Oracle Financial Services Applications (component: Infrastructure). The supported version that is affected is 14.5. Difficult to exploit vulnerability allows low privileged attacker with network access via HTTP to compromise Oracle Banking Trade Finance. Successful attacks require human interaction from a person other than the attacker. Successful attacks of this vulnerability can result in unauthorized creation, deletion or modification access to critical data or all Oracle Banking Trade Finance accessible data as well as unauthorized access to critical data or complete access to all Oracle Banking Trade Finance accessible data. CVSS 3.1 Base Score 6.4 (Confidentiality and Integrity impacts). CVSS Vector: (CVSS:3.1/AV:N/AC:H/PR:L/UI:R/S:U/C:H/I:H/A:N)."
CVE-2023-21903,"Vulnerability in the Oracle Banking Virtual Account Management product of Oracle Financial Services Applications (component: OBVAM Internal Tfr Domain).  Supported versions that are affected are 14.5, 14.6 and  14.7. Difficult to exploit vulnerability allows high privileged attacker with network access via HTTP to compromise Oracle Banking Virtual Account Management.  Successful attacks require human interaction from a person other than the attacker. Successful attacks of this vulnerability can result in  unauthorized access to critical data or complete access to all Oracle Banking Virtual Account Management accessible data as well as  unauthorized update, insert or delete access to some of Oracle Banking Virtual Account Management accessible data and unauthorized ability to cause a partial denial of service (partial DOS) of Oracle Banking Virtual Account Management. CVSS 3.1 Base Score 5.3 (Confidentiality, Integrity and Availability impacts).  CVSS Vector: (CVSS:3.1/AV:N/AC:H/PR:H/UI:R/S:U/C:H/I:L/A:L)."
CVE-2023-21905,"Vulnerability in the Oracle Banking Virtual Account Management product of Oracle Financial Services Applications (component: Routing Hub).  Supported versions that are affected are 14.5, 14.6 and  14.7. Easily exploitable vulnerability allows high privileged attacker with network access via HTTP to compromise Oracle Banking Virtual Account Management.  Successful attacks require human interaction from a person other than the attacker. Successful attacks of this vulnerability can result in  unauthorized creation, deletion or modification access to critical data or all Oracle Banking Virtual Account Management accessible data as well as  unauthorized access to critical data or complete access to all Oracle Banking Virtual Account Management accessible data. CVSS 3.1 Base Score 6.1 (Confidentiality and Integrity impacts).  CVSS Vector: (CVSS:3.1/AV:N/AC:L/PR:H/UI:R/S:U/C:H/I:H/A:N)."
CVE-2023-21904,"Vulnerability in the Oracle Banking Virtual Account Management product of Oracle Financial Services Applications (component: OBVAM Trn Journal Domain).  Supported versions that are affected are 14.5, 14.6 and  14.7. Difficult to exploit vulnerability allows high privileged attacker with network access via HTTP to compromise Oracle Banking Virtual Account Management.  Successful attacks require human interaction from a person other than the attacker. Successful attacks of this vulnerability can result in  unauthorized access to critical data or complete access to all Oracle Banking Virtual Account Management accessible data as well as  unauthorized update, insert or delete access to some of Oracle Banking Virtual Account Management accessible data and unauthorized ability to cause a partial denial of service (partial DOS) of Oracle Banking Virtual Account Management. CVSS 3.1 Base Score 5.3 (Confidentiality, Integrity and Availability impacts).  CVSS Vector: (CVSS:3.1/AV:N/AC:H/PR:H/UI:R/S:U/C:H/I:L/A:L)."
CVE-2023-21908,"Vulnerability in the Oracle Banking Virtual Account Management product of Oracle Financial Services Applications (component: OBVAM Trn Journal Domain).  Supported versions that are affected are 14.5, 14.6 and  14.7. Difficult to exploit vulnerability allows high privileged attacker with network access via HTTP to compromise Oracle Banking Virtual Account Management.  Successful attacks require human interaction from a person other than the attacker. Successful attacks of this vulnerability can result in  unauthorized access to critical data or complete access to all Oracle Banking Virtual Account Management accessible data as well as  unauthorized update, insert or delete access to some of Oracle Banking Virtual Account Management accessible data and unauthorized ability to cause a hang or frequently repeatable crash (complete DOS) of Oracle Banking Virtual Account Management. CVSS 3.1 Base Score 6.0 (Confidentiality, Integrity and Availability impacts).  CVSS Vector: (CVSS:3.1/AV:N/AC:H/PR:H/UI:R/S:U/C:H/I:L/A:H)."
CVE-2023-21907,"Vulnerability in the Oracle Banking Virtual Account Management product of Oracle Financial Services Applications (component: OBVAM Trn Journal Domain).  Supported versions that are affected are 14.5, 14.6 and  14.7. Difficult to exploit vulnerability allows high privileged attacker with network access via HTTP to compromise Oracle Banking Virtual Account Management.  Successful attacks require human interaction from a person other than the attacker. Successful attacks of this vulnerability can result in  unauthorized access to critical data or complete access to all Oracle Banking Virtual Account Management accessible data as well as  unauthorized update, insert or delete access to some of Oracle Banking Virtual Account Management accessible data and unauthorized ability to cause a hang or frequently repeatable crash (complete DOS) of Oracle Banking Virtual Account Management. CVSS 3.1 Base Score 6.0 (Confidentiality, Integrity and Availability impacts).  CVSS Vector: (CVSS:3.1/AV:N/AC:H/PR:H/UI:R/S:U/C:H/I:L/A:H)."
CVE-2023-21906,"Vulnerability in the Oracle Banking Virtual Account Management product of Oracle Financial Services Applications (component: SMS Module).  Supported versions that are affected are 14.5, 14.6 and  14.7. Easily exploitable vulnerability allows high privileged attacker with network access via HTTP to compromise Oracle Banking Virtual Account Management.  Successful attacks require human interaction from a person other than the attacker. Successful attacks of this vulnerability can result in  unauthorized creation, deletion or modification access to critical data or all Oracle Banking Virtual Account Management accessible data as well as  unauthorized access to critical data or complete access to all Oracle Banking Virtual Account Management accessible data. CVSS 3.1 Base Score 6.1 (Confidentiality and Integrity impacts).  CVSS Vector: (CVSS:3.1/AV:N/AC:L/PR:H/UI:R/S:U/C:H/I:H/A:N)."
CVE-2023-22122,"Vulnerability in the Oracle Banking Trade Finance product of Oracle Financial Services Applications (component: Infrastructure).  Supported versions that are affected are 14.5-14.7. Difficult to exploit vulnerability allows low privileged attacker with network access via HTTP to compromise Oracle Banking Trade Finance.  Successful attacks require human interaction from a person other than the attacker. Successful attacks of this vulnerability can result in  unauthorized access to critical data or complete access to all Oracle Banking Trade Finance accessible data as well as  unauthorized update, insert or delete access to some of Oracle Banking Trade Finance accessible data and unauthorized ability to cause a partial denial of service (partial DOS) of Oracle Banking Trade Finance. CVSS 3.1 Base Score 5.9 (Confidentiality, Integrity and Availability impacts).  CVSS Vector: (CVSS:3.1/AV:N/AC:H/PR:L/UI:R/S:U/C:H/I:L/A:L)."
CVE-2023-22119,"Vulnerability in the Oracle FLEXCUBE Universal Banking product of Oracle Financial Services Applications (component: Infrastructure).  Supported versions that are affected are 12.3, 12.4, 14.0-14.3 and  14.5-14.7. Difficult to exploit vulnerability allows low privileged attacker with network access via HTTP to compromise Oracle FLEXCUBE Universal Banking.  Successful attacks require human interaction from a person other than the attacker. Successful attacks of this vulnerability can result in  unauthorized access to critical data or complete access to all Oracle FLEXCUBE Universal Banking accessible data as well as  unauthorized update, insert or delete access to some of Oracle FLEXCUBE Universal Banking accessible data and unauthorized ability to cause a partial denial of service (partial DOS) of Oracle FLEXCUBE Universal Banking. CVSS 3.1 Base Score 5.9 (Confidentiality, Integrity and Availability impacts).  CVSS Vector: (CVSS:3.1/AV:N/AC:H/PR:L/UI:R/S:U/C:H/I:L/A:L)."
CVE-2017-3476,"Vulnerability in the Oracle FLEXCUBE Private Banking component of Oracle Financial Services Applications (subcomponent: Miscellaneous). Supported versions that are affected are 2.0.0, 2.0.1, 2.2.0.1 and 12.0.1. Easily ""exploitable"" vulnerability allows low privileged attacker with network access via HTTP to compromise Oracle FLEXCUBE Private Banking. Successful attacks of this vulnerability can result in unauthorized access to critical data or complete access to all Oracle FLEXCUBE Private Banking accessible data as well as unauthorized update, insert or delete access to some of Oracle FLEXCUBE Private Banking accessible data. CVSS 3.0 Base Score 7.1 (Confidentiality and Integrity impacts). CVSS Vector: (CVSS:3.0/AV:N/AC:L/PR:L/UI:N/S:U/C:H/I:L/A:N)."
CVE-2017-3534,"Vulnerability in the Oracle FLEXCUBE Universal Banking component of Oracle Financial Services Applications (subcomponent: Infrastructure). Supported versions that are affected are 12.0.1, 12.0.2, 12.0.3, 12.1.0, 12.2.0 and 12.3.0. Easily ""exploitable"" vulnerability allows low privileged attacker with network access via HTTP to compromise Oracle FLEXCUBE Universal Banking. Successful attacks of this vulnerability can result in unauthorized access to critical data or complete access to all Oracle FLEXCUBE Universal Banking accessible data. CVSS 3.0 Base Score 6.5 (Confidentiality impacts). CVSS Vector: (CVSS:3.0/AV:N/AC:L/PR:L/UI:N/S:U/C:H/I:N/A:N)."
CVE-2017-3472,"Vulnerability in the Oracle FLEXCUBE Private Banking component of Oracle Financial Services Applications (subcomponent: Portfolio Management). Supported versions that are affected are 2.0.0, 2.0.1, 2.2.0.1 and 12.0.1. Easily ""exploitable"" vulnerability allows low privileged attacker with network access via HTTP to compromise Oracle FLEXCUBE Private Banking. Successful attacks of this vulnerability can result in unauthorized creation, deletion or modification access to critical data or all Oracle FLEXCUBE Private Banking accessible data as well as unauthorized access to critical data or complete access to all Oracle FLEXCUBE Private Banking accessible data. CVSS 3.0 Base Score 8.1 (Confidentiality and Integrity impacts). CVSS Vector: (CVSS:3.0/AV:N/AC:L/PR:L/UI:N/S:U/C:H/I:H/A:N)."
CVE-2017-3297,Vulnerability in the Oracle FLEXCUBE Direct Banking component of Oracle Financial Services Applications (subcomponent: Framework). Supported versions that are affected are 12.0.2 and 12.0.3. Difficult to exploit vulnerability allows low privileged attacker with network access via HTTP to compromise Oracle FLEXCUBE Direct Banking. Successful attacks of this vulnerability can result in unauthorized access to critical data or complete access to all Oracle FLEXCUBE Direct Banking accessible data. CVSS v3.0 Base Score 5.3 (Confidentiality impacts).
CVE-2017-10085,"Vulnerability in the Oracle FLEXCUBE Universal Banking component of Oracle Financial Services Applications (subcomponent: Infrastructure). Supported versions that are affected are 11.3.0, 11.4.0, 12.0.1, 12.0.2, 12.0.3, 12.1.0, 12.2.0 and 12.3.0. Easily exploitable vulnerability allows low privileged attacker with network access via HTTP to compromise Oracle FLEXCUBE Universal Banking. Successful attacks of this vulnerability can result in unauthorized access to critical data or complete access to all Oracle FLEXCUBE Universal Banking accessible data as well as unauthorized update, insert or delete access to some of Oracle FLEXCUBE Universal Banking accessible data. CVSS 3.0 Base Score 7.1 (Confidentiality and Integrity impacts). CVSS Vector: (CVSS:3.0/AV:N/AC:L/PR:L/UI:N/S:U/C:H/I:L/A:N)."
CVE-2017-10103,"Vulnerability in the Oracle FLEXCUBE Private Banking component of Oracle Financial Services Applications (subcomponent: Miscellaneous). Supported versions that are affected are 2.0.0, 2.0.1, 2.2.0 and 12.0.1. Easily exploitable vulnerability allows low privileged attacker with network access via HTTP to compromise Oracle FLEXCUBE Private Banking. Successful attacks of this vulnerability can result in unauthorized access to critical data or complete access to all Oracle FLEXCUBE Private Banking accessible data. CVSS 3.0 Base Score 6.5 (Confidentiality impacts). CVSS Vector: (CVSS:3.0/AV:N/AC:L/PR:L/UI:N/S:U/C:H/I:N/A:N)."
CVE-2017-10011,"Vulnerability in the Oracle FLEXCUBE Private Banking component of Oracle Financial Services Applications (subcomponent: Miscellaneous). Supported versions that are affected are 2.0.0, 2.0.1, 2.2.0 and 12.0.1. Easily exploitable vulnerability allows low privileged attacker with logon to the infrastructure where Oracle FLEXCUBE Private Banking executes to compromise Oracle FLEXCUBE Private Banking. Successful attacks of this vulnerability can result in unauthorized access to critical data or complete access to all Oracle FLEXCUBE Private Banking accessible data. CVSS 3.0 Base Score 5.5 (Confidentiality impacts). CVSS Vector: (CVSS:3.0/AV:L/AC:L/PR:L/UI:N/S:U/C:H/I:N/A:N)."
CVE-2017-10363,"Vulnerability in the Oracle FLEXCUBE Universal Banking component of Oracle Financial Services Applications (subcomponent: Security). Supported versions that are affected are 11.3, 11.4.0, 12.0.1, 12.0.2, 12.0.3, 12.1.0, 12.2.0, 12.3.0 and 12.4.0. Easily exploitable vulnerability allows low privileged attacker with network access via HTTP to compromise Oracle FLEXCUBE Universal Banking. Successful attacks of this vulnerability can result in unauthorized access to critical data or complete access to all Oracle FLEXCUBE Universal Banking accessible data as well as unauthorized update, insert or delete access to some of Oracle FLEXCUBE Universal Banking accessible data. Note: Contact Support for fixes. CVSS 3.0 Base Score 7.1 (Confidentiality and Integrity impacts). CVSS Vector: (CVSS:3.0/AV:N/AC:L/PR:L/UI:N/S:U/C:H/I:L/A:N)."
CVE-2017-10084,"Vulnerability in the Oracle FLEXCUBE Universal Banking component of Oracle Financial Services Applications (subcomponent: Report Generator). Supported versions that are affected are 11.3.0, 11.4.0, 12.0.1, 12.0.2, 12.0.3, 12.1.0, 12.2.0 and 12.3.0. Easily exploitable vulnerability allows low privileged attacker with network access via HTTP to compromise Oracle FLEXCUBE Universal Banking. Successful attacks of this vulnerability can result in unauthorized access to critical data or complete access to all Oracle FLEXCUBE Universal Banking accessible data. CVSS 3.0 Base Score 6.5 (Confidentiality impacts). CVSS Vector: (CVSS:3.0/AV:N/AC:L/PR:L/UI:N/S:U/C:H/I:N/A:N)."
CVE-2017-10023,"Vulnerability in the Oracle FLEXCUBE Private Banking component of Oracle Financial Services Applications (subcomponent: Operations). Supported versions that are affected are 2.0.0, 2.0.1, 2.2.0 and 12.0.1. Easily exploitable vulnerability allows low privileged attacker with network access via HTTP to compromise Oracle FLEXCUBE Private Banking. Successful attacks of this vulnerability can result in unauthorized access to critical data or complete access to all Oracle FLEXCUBE Private Banking accessible data. CVSS 3.0 Base Score 6.5 (Confidentiality impacts). CVSS Vector: (CVSS:3.0/AV:N/AC:L/PR:L/UI:N/S:U/C:H/I:N/A:N)."
CVE-2019-2839,Vulnerability in the Oracle FLEXCUBE Universal Banking component of Oracle Financial Services Applications (subcomponent: Infrastructure). Supported versions that are affected are 12.1.0-12.4.0 and 14.0.0-14.2.0. Difficult to exploit vulnerability allows low privileged attacker with network access via HTTP to compromise Oracle FLEXCUBE Universal Banking. Successful attacks of this vulnerability can result in unauthorized access to critical data or complete access to all Oracle FLEXCUBE Universal Banking accessible data. CVSS 3.0 Base Score 5.3 (Confidentiality impacts). CVSS Vector: (CVSS:3.0/AV:N/AC:H/PR:L/UI:N/S:U/C:H/I:N/A:N).
CVE-2019-2980,Vulnerability in the Oracle FLEXCUBE Direct Banking product of Oracle Financial Services Applications (component: eMail). Supported versions that are affected are 12.0.2 and 12.0.3. Easily exploitable vulnerability allows low privileged attacker with network access via HTTP to compromise Oracle FLEXCUBE Direct Banking. Successful attacks of this vulnerability can result in unauthorized access to critical data or complete access to all Oracle FLEXCUBE Direct Banking accessible data. CVSS 3.0 Base Score 6.5 (Confidentiality impacts). CVSS Vector: (CVSS:3.0/AV:N/AC:L/PR:L/UI:N/S:U/C:H/I:N/A:N).
CVE-2019-2754,"Vulnerability in the Oracle FLEXCUBE Universal Banking component of Oracle Financial Services Applications (subcomponent: Infrastructure). Supported versions that are affected are 12.0.1-12.0.3, 12.1.0-12.4.0 and 14.0.0-14.2.0. Easily exploitable vulnerability allows low privileged attacker with network access via HTTP to compromise Oracle FLEXCUBE Universal Banking. Successful attacks of this vulnerability can result in unauthorized creation, deletion or modification access to critical data or all Oracle FLEXCUBE Universal Banking accessible data as well as unauthorized access to critical data or complete access to all Oracle FLEXCUBE Universal Banking accessible data. CVSS 3.0 Base Score 8.1 (Confidentiality and Integrity impacts). CVSS Vector: (CVSS:3.0/AV:N/AC:L/PR:L/UI:N/S:U/C:H/I:H/A:N)."
CVE-2019-2840,"Vulnerability in the Oracle FLEXCUBE Universal Banking component of Oracle Financial Services Applications (subcomponent: Infrastructure). Supported versions that are affected are 12.0.1-12.0.3, 12.1.0-12.4.0 and 14.0.0-14.2.0. Easily exploitable vulnerability allows low privileged attacker with network access via HTTP to compromise Oracle FLEXCUBE Universal Banking. Successful attacks require human interaction from a person other than the attacker. Successful attacks of this vulnerability can result in unauthorized access to critical data or complete access to all Oracle FLEXCUBE Universal Banking accessible data. CVSS 3.0 Base Score 5.7 (Confidentiality impacts). CVSS Vector: (CVSS:3.0/AV:N/AC:L/PR:L/UI:R/S:U/C:H/I:N/A:N)."
CVE-2021-2323,"Vulnerability in the Oracle FLEXCUBE Universal Banking product of Oracle Financial Services Applications (component: Flex-Branch). Supported versions that are affected are 12.3, 12.4, 14.0-14.4 and . Difficult to exploit vulnerability allows unauthenticated attacker with network access via HTTP to compromise Oracle FLEXCUBE Universal Banking. Successful attacks of this vulnerability can result in unauthorized access to critical data or complete access to all Oracle FLEXCUBE Universal Banking accessible data. CVSS 3.1 Base Score 5.9 (Confidentiality impacts). CVSS Vector: (CVSS:3.1/AV:N/AC:H/PR:N/UI:N/S:U/C:H/I:N/A:N)."
CVE-2020-2716,Vulnerability in the Oracle Banking Corporate Lending product of Oracle Financial Services Applications (component: Core). Supported versions that are affected are 12.3.0-12.4.0 and 14.0.0-14.3.0. Easily exploitable vulnerability allows low privileged attacker with network access via HTTP to compromise Oracle Banking Corporate Lending. Successful attacks of this vulnerability can result in unauthorized access to critical data or complete access to all Oracle Banking Corporate Lending accessible data. CVSS 3.0 Base Score 6.5 (Confidentiality impacts). CVSS Vector: (CVSS:3.0/AV:N/AC:L/PR:L/UI:N/S:U/C:H/I:N/A:N).
CVE-2020-2711,Vulnerability in the Oracle Banking Payments product of Oracle Financial Services Applications (component: Core). Supported versions that are affected are 14.1.0-14.3.0. Easily exploitable vulnerability allows low privileged attacker with network access via HTTP to compromise Oracle Banking Payments. Successful attacks of this vulnerability can result in unauthorized access to critical data or complete access to all Oracle Banking Payments accessible data. CVSS 3.0 Base Score 6.5 (Confidentiality impacts). CVSS Vector: (CVSS:3.0/AV:N/AC:L/PR:L/UI:N/S:U/C:H/I:N/A:N).
CVE-2020-2713,"Vulnerability in the Oracle Banking Payments product of Oracle Financial Services Applications (component: Core). Supported versions that are affected are 14.1.0-14.3.0. Easily exploitable vulnerability allows low privileged attacker with network access via HTTP to compromise Oracle Banking Payments. Successful attacks of this vulnerability can result in unauthorized access to critical data or complete access to all Oracle Banking Payments accessible data as well as unauthorized update, insert or delete access to some of Oracle Banking Payments accessible data. CVSS 3.0 Base Score 7.1 (Confidentiality and Integrity impacts). CVSS Vector: (CVSS:3.0/AV:N/AC:L/PR:L/UI:N/S:U/C:H/I:L/A:N)."
CVE-2020-2699,"Vulnerability in the Oracle FLEXCUBE Universal Banking product of Oracle Financial Services Applications (component: Infrastructure). Supported versions that are affected are 12.0.1-12.4.0 and 14.0.0-14.3.0. Easily exploitable vulnerability allows low privileged attacker with network access via HTTP to compromise Oracle FLEXCUBE Universal Banking. Successful attacks of this vulnerability can result in unauthorized access to critical data or complete access to all Oracle FLEXCUBE Universal Banking accessible data as well as unauthorized update, insert or delete access to some of Oracle FLEXCUBE Universal Banking accessible data. CVSS 3.0 Base Score 7.1 (Confidentiality and Integrity impacts). CVSS Vector: (CVSS:3.0/AV:N/AC:L/PR:L/UI:N/S:U/C:H/I:L/A:N)."
CVE-2020-2684,Vulnerability in the Oracle FLEXCUBE Universal Banking product of Oracle Financial Services Applications (component: Infrastructure). Supported versions that are affected are 12.0.1-12.4.0 and 14.0.0-14.3.0. Easily exploitable vulnerability allows low privileged attacker with network access via HTTP to compromise Oracle FLEXCUBE Universal Banking. Successful attacks of this vulnerability can result in unauthorized access to critical data or complete access to all Oracle FLEXCUBE Universal Banking accessible data. CVSS 3.0 Base Score 6.5 (Confidentiality impacts). CVSS Vector: (CVSS:3.0/AV:N/AC:L/PR:L/UI:N/S:U/C:H/I:N/A:N).
CVE-2020-2718,"Vulnerability in the Oracle Banking Corporate Lending product of Oracle Financial Services Applications (component: Core). Supported versions that are affected are 12.3.0-12.4.0 and 14.0.0-14.3.0. Easily exploitable vulnerability allows low privileged attacker with network access via HTTP to compromise Oracle Banking Corporate Lending. Successful attacks of this vulnerability can result in unauthorized access to critical data or complete access to all Oracle Banking Corporate Lending accessible data as well as unauthorized update, insert or delete access to some of Oracle Banking Corporate Lending accessible data. CVSS 3.0 Base Score 7.1 (Confidentiality and Integrity impacts). CVSS Vector: (CVSS:3.0/AV:N/AC:L/PR:L/UI:N/S:U/C:H/I:L/A:N)."
CVE-2020-6362,"SAP Banking Services version 500, use an incorrect authorization object in some of its reports. Although the affected reports are protected with otherauthorization objects, exploitation of the vulnerability could lead to privilege escalation and violation in segregation of duties, which in turn could lead to Service interruptions and system unavailability for the victim and users of the component."
CVE-2020-6311,"Banking services from SAP 9.0 (Bank Analyzer), version - 500, and SAP S/4HANA for financial products subledger, version ï¿½ 100, does not correctly perform necessary authorization checks for an authenticated user due to Improper Authorization checks, that may cause a system administrator to create incorrect authorization proposals. This may result in privilege escalation and may expose restricted banking data."
CVE-2020-14896,Vulnerability in the Oracle Banking Payments product of Oracle Financial Services Applications (component: Core). Supported versions that are affected are 14.1.0-14.4.0. Easily exploitable vulnerability allows low privileged attacker with network access via HTTP to compromise Oracle Banking Payments. Successful attacks of this vulnerability can result in unauthorized access to critical data or complete access to all Oracle Banking Payments accessible data. CVSS 3.1 Base Score 6.5 (Confidentiality impacts). CVSS Vector: (CVSS:3.1/AV:N/AC:L/PR:L/UI:N/S:U/C:H/I:N/A:N).
CVE-2020-14897,"Vulnerability in the Oracle FLEXCUBE Direct Banking product of Oracle Financial Services Applications (component: Pre Login). Supported versions that are affected are 12.0.1, 12.0.2 and 12.0.3. Easily exploitable vulnerability allows unauthenticated attacker with network access via HTTP to compromise Oracle FLEXCUBE Direct Banking. Successful attacks require human interaction from a person other than the attacker. Successful attacks of this vulnerability can result in unauthorized access to critical data or complete access to all Oracle FLEXCUBE Direct Banking accessible data. CVSS 3.1 Base Score 6.5 (Confidentiality impacts). CVSS Vector: (CVSS:3.1/AV:N/AC:L/PR:N/UI:R/S:U/C:H/I:N/A:N)."
CVE-2020-14890,"Vulnerability in the Oracle FLEXCUBE Direct Banking product of Oracle Financial Services Applications (component: Pre Login). Supported versions that are affected are 12.0.1, 12.0.2 and 12.0.3. Easily exploitable vulnerability allows unauthenticated attacker with network access via HTTP to compromise Oracle FLEXCUBE Direct Banking. Successful attacks require human interaction from a person other than the attacker. Successful attacks of this vulnerability can result in unauthorized access to critical data or complete access to all Oracle FLEXCUBE Direct Banking accessible data. CVSS 3.1 Base Score 6.5 (Confidentiality impacts). CVSS Vector: (CVSS:3.1/AV:N/AC:L/PR:N/UI:R/S:U/C:H/I:N/A:N)."
CVE-2020-14887,Vulnerability in the Oracle FLEXCUBE Universal Banking product of Oracle Financial Services Applications (component: Infrastructure). Supported versions that are affected are 12.3.0 and 14.0.0-14.4.0. Easily exploitable vulnerability allows low privileged attacker with network access via HTTP to compromise Oracle FLEXCUBE Universal Banking. Successful attacks of this vulnerability can result in unauthorized access to critical data or complete access to all Oracle FLEXCUBE Universal Banking accessible data. CVSS 3.1 Base Score 6.5 (Confidentiality impacts). CVSS Vector: (CVSS:3.1/AV:N/AC:L/PR:L/UI:N/S:U/C:H/I:N/A:N).
CVE-2020-14894,Vulnerability in the Oracle Banking Corporate Lending product of Oracle Financial Services Applications (component: Core). Supported versions that are affected are 12.3.0 and 14.0.0-14.4.0. Easily exploitable vulnerability allows low privileged attacker with network access via HTTP to compromise Oracle Banking Corporate Lending. Successful attacks of this vulnerability can result in unauthorized access to critical data or complete access to all Oracle Banking Corporate Lending accessible data. CVSS 3.1 Base Score 6.5 (Confidentiality impacts). CVSS Vector: (CVSS:3.1/AV:N/AC:L/PR:L/UI:N/S:U/C:H/I:N/A:N).
CVE-2018-2982,"Vulnerability in the Oracle FLEXCUBE Universal Banking component of Oracle Financial Services Applications (subcomponent: Infrastructure). Supported versions that are affected are 11.3.0, 11.4.0, 12.0.1, 12.0.2, 12.0.3, 12.1.0, 12.2.0, 12.3.0, 12.4.0, 14.0.0 and 14.1.0. Difficult to exploit vulnerability allows low privileged attacker with network access via HTTP to compromise Oracle FLEXCUBE Universal Banking. Successful attacks of this vulnerability can result in unauthorized access to critical data or complete access to all Oracle FLEXCUBE Universal Banking accessible data. CVSS 3.0 Base Score 5.3 (Confidentiality impacts). CVSS Vector: (CVSS:3.0/AV:N/AC:H/PR:L/UI:N/S:U/C:H/I:N/A:N)."
CVE-2018-2614,"Vulnerability in the Oracle FLEXCUBE Universal Banking component of Oracle Financial Services Applications (subcomponent: Infrastructure). Supported versions that are affected are 11.3.0, 11.4.0, 12.0.1, 12.0.2, 12.0.3, 12.1.0, 12.2.0, 12.3.0 and 12.4.0. Difficult to exploit vulnerability allows low privileged attacker with network access via HTTP to compromise Oracle FLEXCUBE Universal Banking. Successful attacks of this vulnerability can result in unauthorized access to critical data or complete access to all Oracle FLEXCUBE Universal Banking accessible data. CVSS 3.0 Base Score 5.3 (Confidentiality impacts). CVSS Vector: (CVSS:3.0/AV:N/AC:H/PR:L/UI:N/S:U/C:H/I:N/A:N)."
CVE-2018-2747,"Vulnerability in the Oracle Banking Corporate Lending component of Oracle Financial Services Applications (subcomponent: Core module). Supported versions that are affected are 12.3.0, 12.4.0, 12.5.0 and 14.0.0. Easily exploitable vulnerability allows low privileged attacker with network access via HTTP to compromise Oracle Banking Corporate Lending. Successful attacks of this vulnerability can result in unauthorized access to critical data or complete access to all Oracle Banking Corporate Lending accessible data. CVSS 3.0 Base Score 6.5 (Confidentiality impacts). CVSS Vector: (CVSS:3.0/AV:N/AC:L/PR:L/UI:N/S:U/C:H/I:N/A:N)."
CVE-2018-2746,"Vulnerability in the Oracle Banking Corporate Lending component of Oracle Financial Services Applications (subcomponent: Core module). Supported versions that are affected are 12.3.0, 12.4.0, 12.5.0 and 14.0.0. Easily exploitable vulnerability allows low privileged attacker with network access via HTTP to compromise Oracle Banking Corporate Lending. Successful attacks of this vulnerability can result in unauthorized access to critical data or complete access to all Oracle Banking Corporate Lending accessible data as well as unauthorized update, insert or delete access to some of Oracle Banking Corporate Lending accessible data. CVSS 3.0 Base Score 7.1 (Confidentiality and Integrity impacts). CVSS Vector: (CVSS:3.0/AV:N/AC:L/PR:L/UI:N/S:U/C:H/I:L/A:N)."
CVE-2018-2708,Vulnerability in the Oracle Banking Payments component of Oracle Financial Services Applications (subcomponent: Payments Core). Supported versions that are affected are 12.3.0 and 12.4.0. Difficult to exploit vulnerability allows low privileged attacker with network access via HTTP to compromise Oracle Banking Payments. Successful attacks of this vulnerability can result in unauthorized access to critical data or complete access to all Oracle Banking Payments accessible data. CVSS 3.0 Base Score 5.3 (Confidentiality impacts). CVSS Vector: (CVSS:3.0/AV:N/AC:H/PR:L/UI:N/S:U/C:H/I:N/A:N).
CVE-2018-2709,Vulnerability in the Oracle Banking Corporate Lending component of Oracle Financial Services Applications (subcomponent: Core module). Supported versions that are affected are 12.3.0 and 12.4.0. Difficult to exploit vulnerability allows low privileged attacker with network access via HTTP to compromise Oracle Banking Corporate Lending. Successful attacks of this vulnerability can result in unauthorized access to critical data or complete access to all Oracle Banking Corporate Lending accessible data. CVSS 3.0 Base Score 5.3 (Confidentiality impacts). CVSS Vector: (CVSS:3.0/AV:N/AC:H/PR:L/UI:N/S:U/C:H/I:N/A:N).
CVE-2018-3015,"Vulnerability in the Oracle FLEXCUBE Universal Banking component of Oracle Financial Services Applications (subcomponent: Infrastructure). Supported versions that are affected are 11.3.0, 11.4.0, 12.0.1, 12.0.2, 12.0.3, 12.1.0, 12.2.0, 12.3.0, 12.4.0, 14.0.0 and 14.1.0. Easily exploitable vulnerability allows low privileged attacker with network access via HTTP to compromise Oracle FLEXCUBE Universal Banking. Successful attacks of this vulnerability can result in unauthorized creation, deletion or modification access to critical data or all Oracle FLEXCUBE Universal Banking accessible data as well as unauthorized access to critical data or complete access to all Oracle FLEXCUBE Universal Banking accessible data. CVSS 3.0 Base Score 8.1 (Confidentiality and Integrity impacts). CVSS Vector: (CVSS:3.0/AV:N/AC:L/PR:L/UI:N/S:U/C:H/I:H/A:N)."
CVE-2018-3025,"Vulnerability in the Oracle Banking Payments component of Oracle Financial Services Applications (subcomponent: Payments Core). Supported versions that are affected are 12.2.0, 12.3.0, 12.4.0, 12.5.0 and 14.1.0. Difficult to exploit vulnerability allows low privileged attacker with network access via HTTP to compromise Oracle Banking Payments. Successful attacks of this vulnerability can result in unauthorized access to critical data or complete access to all Oracle Banking Payments accessible data. CVSS 3.0 Base Score 5.3 (Confidentiality impacts). CVSS Vector: (CVSS:3.0/AV:N/AC:H/PR:L/UI:N/S:U/C:H/I:N/A:N)."
CVE-2018-3046,"Vulnerability in the Oracle Banking Corporate Lending component of Oracle Financial Services Applications (subcomponent: Core module). Supported versions that are affected are 12.3.0, 12.4.0, 12.5.0, 14.0.0 and 14.1.0. Difficult to exploit vulnerability allows low privileged attacker with network access via HTTP to compromise Oracle Banking Corporate Lending. Successful attacks of this vulnerability can result in unauthorized access to critical data or complete access to all Oracle Banking Corporate Lending accessible data. CVSS 3.0 Base Score 5.3 (Confidentiality impacts). CVSS Vector: (CVSS:3.0/AV:N/AC:H/PR:L/UI:N/S:U/C:H/I:N/A:N)."
CVE-2018-3050,"Vulnerability in the Oracle Banking Corporate Lending component of Oracle Financial Services Applications (subcomponent: Core module). Supported versions that are affected are 12.3.0, 12.4.0, 12.5.0, 14.0.0 and 14.1.0. Easily exploitable vulnerability allows low privileged attacker with network access via HTTP to compromise Oracle Banking Corporate Lending. Successful attacks of this vulnerability can result in unauthorized creation, deletion or modification access to critical data or all Oracle Banking Corporate Lending accessible data as well as unauthorized access to critical data or complete access to all Oracle Banking Corporate Lending accessible data. CVSS 3.0 Base Score 8.1 (Confidentiality and Integrity impacts). CVSS Vector: (CVSS:3.0/AV:N/AC:L/PR:L/UI:N/S:U/C:H/I:H/A:N)."
CVE-2018-3027,"Vulnerability in the Oracle Banking Payments component of Oracle Financial Services Applications (subcomponent: Payments Core). Supported versions that are affected are 12.2.0, 12.3.0, 12.4.0, 12.5.0 and 14.1.0. Easily exploitable vulnerability allows low privileged attacker with network access via HTTP to compromise Oracle Banking Payments. Successful attacks of this vulnerability can result in unauthorized creation, deletion or modification access to critical data or all Oracle Banking Payments accessible data as well as unauthorized access to critical data or complete access to all Oracle Banking Payments accessible data. CVSS 3.0 Base Score 8.1 (Confidentiality and Integrity impacts). CVSS Vector: (CVSS:3.0/AV:N/AC:L/PR:L/UI:N/S:U/C:H/I:H/A:N)."
CVE-2016-8298,"Vulnerability in the Oracle FLEXCUBE Private Banking component of Oracle Financial Services Applications (subcomponent: Product / Instrument Search). Supported versions that are affected are 2.0.1, 2.2.0 and 12.0.1. Easily exploitable vulnerability allows low privileged attacker with network access via HTTP to compromise Oracle FLEXCUBE Private Banking. Successful attacks of this vulnerability can result in unauthorized creation, deletion or modification access to critical data or all Oracle FLEXCUBE Private Banking accessible data as well as unauthorized access to critical data or complete access to all Oracle FLEXCUBE Private Banking accessible data. CVSS v3.0 Base Score 8.1 (Confidentiality and Integrity impacts)."
CVE-2016-8312,"Vulnerability in the Oracle FLEXCUBE Private Banking component of Oracle Financial Services Applications (subcomponent: Product / Instrument Search). Supported versions that are affected are 2.0.1, 2.2.0 and 12.0.1. Easily exploitable vulnerability allows unauthenticated attacker with network access via HTTP to compromise Oracle FLEXCUBE Private Banking. Successful attacks require human interaction from a person other than the attacker and while the vulnerability is in Oracle FLEXCUBE Private Banking, attacks may significantly impact additional products. Successful attacks of this vulnerability can result in unauthorized access to critical data or complete access to all Oracle FLEXCUBE Private Banking accessible data as well as unauthorized update, insert or delete access to some of Oracle FLEXCUBE Private Banking accessible data. CVSS v3.0 Base Score 8.2 (Confidentiality and Integrity impacts)."
CVE-2016-8297,"Vulnerability in the Oracle FLEXCUBE Universal Banking component of Oracle Financial Services Applications (subcomponent: Core). Supported versions that are affected are 11.3.0, 11.4.0, 12.0.1, 12.0.2, 12.0.3, 12.1.0 and 12.2.0. Easily exploitable vulnerability allows low privileged attacker with network access via HTTP to compromise Oracle FLEXCUBE Universal Banking. Successful attacks of this vulnerability can result in unauthorized creation, deletion or modification access to critical data or all Oracle FLEXCUBE Universal Banking accessible data as well as unauthorized access to critical data or complete access to all Oracle FLEXCUBE Universal Banking accessible data. CVSS v3.0 Base Score 8.1 (Confidentiality and Integrity impacts)."
CVE-2016-8311,"Vulnerability in the Oracle FLEXCUBE Universal Banking component of Oracle Financial Services Applications (subcomponent: Core). Supported versions that are affected are 11.3.0, 11.4.0, 12.0.1, 12.0.2, 12.0.3, 12.1.0 and 12.2.0. Easily exploitable vulnerability allows low privileged attacker with network access via HTTP to compromise Oracle FLEXCUBE Universal Banking. Successful attacks of this vulnerability can result in unauthorized access to critical data or complete access to all Oracle FLEXCUBE Universal Banking accessible data. CVSS v3.0 Base Score 6.5 (Confidentiality impacts)."
CVE-2016-8300,"Vulnerability in the Oracle FLEXCUBE Private Banking component of Oracle Financial Services Applications (subcomponent: Product / Instrument Search). Supported versions that are affected are 2.0.1, 2.2.0 and 12.0.1. Difficult to exploit vulnerability allows low privileged attacker with network access via HTTP to compromise Oracle FLEXCUBE Private Banking. Successful attacks of this vulnerability can result in unauthorized access to critical data or complete access to all Oracle FLEXCUBE Private Banking accessible data. CVSS v3.0 Base Score 5.3 (Confidentiality impacts)."
